{
  "cv_macro_f1_mean": 0.8729570299238792,
  "cv_macro_f1_std": 0.0011395750319905357,
  "cv_per_fold": [
    0.8720408713618724,
    0.871276350404661,
    0.8737372986680839,
    0.8743993299102121,
    0.8733312992745674
  ],
  "per_class_f1": {
    "esi1": 0.9453,
    "esi2": 0.9725,
    "esi3": 0.8928,
    "esi4": 0.773,
    "esi5": 0.7811
  },
  "confusion_matrix_oof": [
    [
      2975,
      247,
      0,
      0,
      0
    ],
    [
      97,
      13047,
      295,
      0,
      0
    ],
    [
      0,
      98,
      25826,
      2899,
      98
    ],
    [
      0,
      0,
      2766,
      17882,
      2372
    ],
    [
      0,
      0,
      44,
      2467,
      8887
    ]
  ],
  "feature_count": 66
}