{
  "stratified_cv_macro_f1_mean": 0.9979508050508705,
  "stratified_cv_macro_f1_std": 0.0005377467894230411,
  "stratified_cv_per_fold": [
    0.9982583886697693,
    0.9976736879586123,
    0.9974783200346383,
    0.9988622939185021,
    0.9974813346728304
  ],
  "groupkfold_cv_macro_f1_mean": 0.9775467865891662,
  "groupkfold_cv_macro_f1_std": 0.005709435082017047,
  "groupkfold_cv_per_fold": [
    0.9797807322455808,
    0.9804744697148843,
    0.9685759223574946,
    0.9738973580105498,
    0.9850054506173216
  ],
  "per_class_f1_stratified": {
    "esi1": 0.9917,
    "esi2": 0.9981,
    "esi3": 1.0,
    "esi4": 1.0,
    "esi5": 1.0
  },
  "per_class_f1_groupkfold": {
    "esi1": 0.9796,
    "esi2": 0.9846,
    "esi3": 0.977,
    "esi4": 0.9666,
    "esi5": 0.9797
  },
  "confusion_matrix_oof_skf": [
    [
      3169,
      52,
      1,
      0,
      0
    ],
    [
      0,
      13439,
      0,
      0,
      0
    ],
    [
      0,
      0,
      28921,
      0,
      0
    ],
    [
      0,
      0,
      0,
      23020,
      0
    ],
    [
      0,
      0,
      0,
      0,
      11398
    ]
  ],
  "confusion_matrix_oof_gkf": [
    [
      3125,
      86,
      11,
      0,
      0
    ],
    [
      33,
      13260,
      87,
      59,
      0
    ],
    [
      0,
      134,
      28182,
      579,
      26
    ],
    [
      0,
      0,
      488,
      22376,
      156
    ],
    [
      0,
      16,
      0,
      263,
      11119
    ]
  ]
}